ID,Bairros 
1,Abolicao 
2,Acari 
3,Agua Santa 
4,Alto da Boa Vista 
5,Anchieta 
6,Andarai 
7,Anil 
8,Bancarios 
9,Bangu 
10,Barra da Tijuca
11,Barra de Guaratiba 
12,Barros Filho 
13,Benfica 
14,Bento Ribeiro 
15,Bonsucesso 
16,Botafogo 
17,Bras de Pina 
18,Cachambi 
19,Cacuia 
20,Caju 
21,Camorim 
22,Campinho 
23,Campo dos Afonsos 
24,Campo Grande 
25,Cascadura 
26,Catete 
27,Catumbi 
28,Cavalcanti 
29,Centro 
30,Cidade de Deus 
31,Cidade Nova 
32,Cidade Universitaria 
33,Cocota 
34,Coelho Neto 
35,Colegio 
36,Complexo do Alemao 
37,Copacabana 
38,Cordovil 
39,Cosme Velho 
40,Cosmos 
41,Costa Barros 
42,Curicica 
43,Del Castilho 
44,Deodoro 
45,Encantado 
46,Engenheiro Leal 
47,Engenho da Rainha 
48,Engenho de Dentro 
49,Engenho Novo 
50,Estacio 
51,Flamengo 
52,Freguesia Ilha do Governador
53,Freguesia Jacarepagua
54,Galeao 
55,Gamboa 
56,Gardenia Azul 
57,Gavea 
58,Gericino 
59,Gloria 
60,Grajau 
61,Grumari 
62,Guadalupe 
63,Guaratiba 
64,Higienopolis 
65,Honorio Gurgel 
66,Humaita 
67,Imperial de Sao Cristovao 
68,Inhauma 
69,Inhoaiba 
70,Ipanema 
71,Iraja 
72,Itanhanga 
73,Jacare 
74,Jacarepagua 
75,Jacarezinho 
76,Jardim America 
77,Jardim Botanico 
78,Jardim Carioca 
79,Jardim Guanabara 
80,Jardim Sulacap 
81,Joa 
82,Lagoa 
83,Lapa 
84,Laranjeiras 
85,Leblon 
86,Leme 
87,Lins
88,Madureira 
89,Magalhaes Bastos 
90,Mangueira 
91,Manguinhos 
92,Maracana 
93,Mare 
94,Marechal Hermes 
95,Maria da Graca 
96,Meier 
97,Monero 
98,Olaria 
99,Oswaldo Cruz 
100,Paciencia 
101,Padre Miguel 
102,Paqueta 
103,Parada de Lucas 
104,Parque Anchieta 
105,Parque Columbia 
106,Pavuna 
107,Pechincha 
108,Pedra de Guaratiba 
109,Penha 
110,Penha Circular 
111,Piedade 
112,Pilares 
113,Pitangueiras 
114,Portuguesa 
115,Praca da Bandeira 
116,Praca Seca 
117,Praia da Bandeira 
118,Quintino
119,Ramos 
120,Realengo 
121,Recreio 
122,Riachuelo 
123,Ribeira 
124,Ricardo de Albuquerque 
125,Rio Comprido 
126,Rocha 
127,Rocha Miranda 
128,Rocinha 
129,Sampaio 
130,Santa Cruz 
131,Santa Teresa 
132,Santissimo 
133,Santo Cristo 
134,Sao Conrado 
135,Sao Francisco Xavier 
136,Saude 
137,Senador Camara 
138,Senador Vasconcelos 
139,Sepetiba 
140,Tanque 
141,Taquara 
142,Taua 
143,Tijuca 
144,Todos os Santos 
145,Tomas Coelho 
146,Turiacu 
147,Urca 
148,Vargem Grande 
149,Vargem Pequena 
150,Vasco da Gama 
151,Vaz Lobo 
152,Vicente de Carvalho 
153,Vidigal 
154,Vigario Geral 
155,Vila Cosmos 
156,Vila da Penha 
157,Vila Isabel 
158,Vila Kennedy 
159,Vila Militar 
160,Vila Valqueire 
161,Vista Alegre 
162,Zumbi 
163,Sao Cristovao
164,Ilha do governador 
