from,to
^AUGUSTO DE VASCONCELOS$,SENADOR VASCONCELOS
^AUGUSTO DE VASCONCELO$,SENADOR VASCONCELOS
^AUGUSTO VASCONCELO$ ,SENADOR VASCONCELOS
^AUGUSTO VASCONCELOS$ ,SENADOR VASCONCELOS
^BANCARIO$,BANCARIOS
^BAMCARIO$,BANCARIOS
^BARRA$ ,BARRA DA TIJUCA
TAGUARA ,TAQUARA
BOMSUCESSO,BONSUCESSO
BARRA DO TIJUCA,BARRA DA TIJUCA
BARRA DA T$ ,BARRA DA TIJUCA
BARRA DE GUA$,BARRA DE GUARATIBA
CAMPO GRA$,CAMPO GRANDE
CAMPO GRAN$,CAMPO GRANDE
CAMPO GRAND$ ,CAMPO GRANDE
VILA COSME$,VILA COSMOS
^COSMO$ ,COSMOS
^COSMOS$,COSMOS
VL COSMOS$,VILA COSMOS
VL KOSMOS,VILA COSMOS
VILA IZABEL,VILA ISABEL
VICENTE CARVALHO,VICENTE DE CARVALHO
VICENTE CARVBALHO,VICENTE DE CARVALHO
VL IZABEL,VILA ISABEL
^KOSMOS$,VILA COSMOS
COSTA BARRO$,COSTA BARROS
FREGUESIA ILHA$ ,FREGUESIA ILHA DO GOVERNADOR
GUADALUP$ ,GUADALUPE
^ICARDO DE ALBUQUERQUE$ ,RICARDO DE ALBUQUERQUE
IGNORADO MRJ$,IGNORADO
ILHA DO GOVERN$,ILHA DO GOVERNADOR
ILHA DO GOVERN$,ILHA DO GOVERNADOR
ILHA DO GOVERNA$,ILHA DO GOVERNADOR
ILHA DO GOVERNA$,ILHA DO GOVERNADOR
ILHA DO GOVERNADO$,ILHA DO GOVERNADOR
ILHA DO GOVERNAD$,ILHA DO GOVERNADOR
ILHA DO GOV$,ILHA DO GOVERNADOR
ILHA GOV$,ILHA DO GOVERNADOR
JARDIM AME$ ,JARDIM AMERICA
JARDIM AMER$ ,JARDIM AMERICA
JARDIM AMERIC$ ,JARDIM AMERICA
JARDIM A$ ,JARDIM AMERICA
JARDIM BELA VIST$,JARDIM BELA VISTA
JARDIM CARIOCA ILHA$ ,JARDIM CARIOCA
JARDIM CARIOCA ILHA DO$ ,JARDIM CARIOCA
JARDIM GUANAB$ ,JARDIM GUANABARA
JARDIM GUANABA$ ,JARDIM GUANABARA
JARDIM SUL$,JARDIM SULACAP
^SULACAP$,JARDIM SULACAP
JARDIM SULA$,JARDIM SULACAP
^ONORIO GURGEL$,HONORIO GURGEL
PADRE MIG$ ,PADRE MIGUEL
PADRE MIGU$ ,PADRE MIGUEL
PADRE MIGUE$,PADRE MIGUEL
PARADA DE L$,PARADA DE LUCAS
PARADA DE LUC$,PARADA DE LUCAS
PARQUE AN$,PARQUE ANCHIETA
PARQUE ANC$,PARQUE ANCHIETA
PAVINA$,PAVUNA
REALENG$,REALENGO
^RECR$ ,RECREIO
RECREIO DOS BA$ ,RECREIO
RECREIO DOS BAN$ ,RECREIO
RICARDO DE A$ ,RICARDO DE ALBUQUERQUE
RICARDO DE AL$ ,RICARDO DE ALBUQUERQUE
RICARDO DE ALBUQUERQ$ ,RICARDO DE ALBUQUERQUE
RICARDO DE ALBUQUERQU$,RICARDO DE ALBUQUERQUE
ROCHA MIRAND$ ,ROCHA MIRANDA
ROCHA MIRANDE$ ,ROCHA MIRANDA
SANTA TEREZ$ ,SANTA TERESA
SAO CRISTOVA$,SAO CRISTOVAO 
SAO FRANCISCO XA$,SAO FRANCISCO XAVIER
SENADOR CA$,SENADOR CAMARA
SENADOR CAM$,SENADOR CAMARA
SENADOR CAMAR$,SENADOR CAMARA
SEN CAMARAR$,SENADOR CAMARA
SEN CAMARA$,SENADOR CAMARA
SEN CAMAR$ ,SENADOR CAMARA
SEN CAMAR$ ,SENADOR CAMARA
SENADOR CAMARAR$,SENADOR CAMARA
TAUA ILHA DO$,TAUA
TAUA ILHA DO GOVERNADOR$,TAUA
^VASCONCELLOS$,SENADOR VASCONCELOS
VICENTE DE C$ ,VICENTE DE CARVALHO
VICENTE DE CAR$ ,VICENTE DE CARVALHO
VIGARIO GERA$,VIGARIO GERAL
VILA DA PEN$ ,VILA DA PENHA
VILA DA PENH$ ,VILA DA PENHA
VILA ISAB$,VILA ISABEL
VILA ISAB$,VILA ISABEL
V PEQUENA,VARGEM PEQUENA
ANIL JACAREPAGUA,ANIL
B ROCHA MIRANDA,ROCHA MIRANDA
B TIJUCA,BARRA DA TIJUCA
BAIRRO DA GLORIA,GLORIA
BAIRRO DE FATIMA,CENTRO
BAIRRO MARACANA ,MARACANA
BAIRRO PORTUGUESA ,PORTUGUESA 
BAIRRO QUINTINO BOCAIUVA ,QUINTINO
BANGU BANGU,BANGU
BARRA GUARATIBA,BARRA DE GUARATIBA
BANGUE,BANGU
BANGUE,BANGU
BARRA FDA TIJUCA,BARRA DA TIJUCA 
BARRO FILHOS,BARROS FILHO
BARROS FILHOS ,BARROS FILHO
BECO SUZANA BONSUCESSO ,BONSUCESSO
BELF ROXO ,BELFOROXO
BELFOR ROXO ,BELFOROXO
BELFORD ROXO ,BELFOROXO
BENTO RIBEIRIO,BENTO RIBEIRO
BENTO RIBERO,BENTO RIBEIRO
BILA DA PENHA,VILA DA PENHA
BOM SUCESSO,BONSUCESSO
BOSUCESSO,BONSUCESSO
BOTA FOGO,BOTAFOGO
BRA DE PINA ,BRAS DE PINA
BRAZ DE PINA,BRAS DE PINA
BRAZ DE PINA,BRAS DE PINA
CACUIA ILHA DO GOVERNADOR,CACUIA
CACUIA RIO DE JANEIRO,CACUIA
CAMARIM,CAMORIM
COPACABVANA,COPACABANA
CAMO GRANDE,CAMPO GRANDE
CAMP GRANDE ,CAMPO GRANDE
CAMPO DE GRANDE,CAMPO GRANDE
CAMPO GRANDE CAMPO GRANDE,CAMPO GRANDE
CAMPO GRANDES ,CAMPO GRANDE
CAMPOS GRANDE$,CAMPO GRANDE
CARCADURA,CASCADURA
CAVALCANTE,CAVALCANTI
CAXAMBI,CACHAMBI
CELHO NETO,COELHO NETO
CENTRO CENTRO,CENTRO
CIDADE DE DEUS JACAREPAGUA,CIDADE DE DEUS
CIDADE DE DEUS JPA ,CIDADE DE DEUS
CIDADE DEUS,CIDADE DE DEUS
CIDADE DEUS   JPA,CIDADE DE DEUS
COLEGIO ESTRADA DO COLEGIO ,COLEGIO
COMP DO ALEMAO ,COMPLEXO DO ALEMAO
COMPLEXO DA MARE,MARE
CONCANTADO,ENCANTADO
CPACABANA,COPACABANA
ENCENATADO ,ENCANTADO
ENG DA RAINHA,ENGENHO DA RAINHA
ENGENHO RAINHA,ENGENHO DA RAINHA
^E NOVO,ENGENHO NOVO
^E DENTRO,ENGENHO DE DENTRO
ENG DE DENTRO,ENGENHO DE DENTRO
ENG DENTRO,ENGENHO DE DENTRO
ENG NOVO,ENGENHO NOVO
ESTACAO DO RIACHUE,RIACHUELO
ESTRADA CAFUNDA TAQUARA,TAQUARA
^F JACAREPAGUA,FREGUESIA JACAREPAGUA
FAZENDA BOTAFOGO,COELHO NETO
FREGUESIA JPA,FREGUESIA JACAREPAGUA
FREGUESIA DE JACAREPAGUA,FREGUESIA JACAREPAGUA
FREGUESIA JACAREPAGU$,FREGUESIA JACAREPAGUA
FREGUESIA DA ILHA DO$,FREGUESIA ILHA DO GOVERNADOR
FREGUESIA DA ILHA DO GOVERNADOR$,FREGUESIA ILHA DO GOVERNADOR
VVALQUEIRE,VILA VALQUEIRE
GLARATIDA,GUARATIBA
GRAGAU,GRAJAU
GRAJAO,GRAJAU
GRAJAU JOFRE,GRAJAU
GUADALUPI,GUADALUPE
GUARDALUPE,GUADALUPE
H GURGEL,HONORIO GURGEL
HHONORIO GURGEL,HONORIO GURGEL
HIGIANOPOLIS,HIGIENOPOLIS
HIGINOPOLIS ,HIGIENOPOLIS
HONORARIO GURGEL,HONORIO GURGEL
HUMAITSA,HUMAITA
IAPNEMA,IPANEMA
IGNORADO BAIRRO MRJ ,IGNORADO
ILHA DO GOVERNADOR IGNORADO,ILHA DO GOVERNADOR
ILHA GOVERNADOR,ILHA DO GOVERNADOR
INHODIBA,INHOAIBA
IPANEMA IPANEMA,IPANEMA
IPANEMA MORRO DO CANTAGALO,IPANEMA
IRAJA COLEGIO ,COLEGIO
ITANHANGUA,ITANHANGA
JACAREPAGUA TAQUARA,TAQUARA
JACAREZINHPO,JACAREZINHO
JACARPAGUA,JACAREPAGUA
JACARPEGUA,JACAREPAGUA
JARDIM BANGU,BANGU
JARDIM BANGUE,BANGU
JARDIM BELA VISTA CAMPO ,CAMPO GRANDE
JARDIM CARIOCA ILHA,JARDIM CARIOCA
JARDIM CARIOCA ILHA DO GOVERNADO,JARDIM CARIOCA
JARDIM DOS VIEIRAS,PACIENCIA
JARDIN GUANABARA,JARDIM GUANABARA
JD AMERICA,JARDIM AMERICA
JD BOTANICO,JARDIM BOTANICO
JD CARIOCA,JARDIM CARIOCA
JD GUANABARA ,JARDIM GUANABARA
JD NOVO REALENGO,REALENGO
JD PEDREGOSO,CAMPO GRANDE
JD SAO JORGE,CAMPO GRANDE
LAGOA RODRIGO DE FREITAS,LAGOA
LINS DE VASCONCELLOS,LINS
LINS DE VASCONCELOS ,LINS
LINS VASCOCELOS,LINS 
LINS VASCONCELLOS ,LINS
LINS VASCONCELOS,LINS
LINS VASCONCELO$,LINS
LOPACALBANA,COPACABANA
MAGALHAES BASTYOS,MAGALHAES BASTOS
MALET,JARDIM SULACAP
MALLET ,JARDIM SULACAP
MALLET ,JARDIM SULACAP
MARECHLA HERMES,MARECHAL HERMES
MEIA ,MEIER
MEIER CACHAMBI,CACHANBI
MEIR,MEIER
MEYEIR  ,MEIER
MEYER,MEIER
MORENO ILHA DO GOVERNADOR,MONERO
MORRO CANTAGALO ,IPANEMA
MORRO DO CANTAGALO ,IPANEMA
OSVALDO CRUZ,OSWALDO CRUZ
PARQUE LEOPOLDINA,BANGU
PAVINAS,PAVUNA
PCA DA BANDEIRA,PRACA DA BANDEIRA
PEDREGOSO,CAMPO GRANDE
PENHA CICRCULAR,PENHA CIRCULAR
PORTUGUESA ILHA DO GOVERNADOR,PORTUGUESA 
PQ ANCHIETA ,PARQUE ANCHIETA
PRACA  BANDEIRA ,PRACA DA BANDEIRA
PRACA BENDEIR$ ,PRACA DA BANDEIRA
PRACA BENDEIRA ,PRACA DA BANDEIRA
PRACA DA BENDEIRA ,PRACA DA BANDEIRA
PRACA SECA JACAREPAGUA,PRACA SECA 
QUINTA DO CAJU ,CAJU
QUINTINO BOCAIUVA ,QUINTINO
REC DOS BANDEIRANTES ,RECREIO 
REC DOS BANDEIRANTE$,RECREIO 
RCR BANDEIRANTES ,RECREIO 
RECREIORJ,RECREIO
RECREIO BANDEIRANTES,RECREIO 
RECREIO BANDEIRANTE$,RECREIO
R DOS BANDEIRANTES,RECREIO 
RECREIO DOS BANDEI$,RECREIO 
R BANDEIRANTES,RECREIO 
RECREIO DOS BAND$,RECREIO
REC BANDEIRANTE$,RECREIO
RECREIO DOS BANDEIR$ ,RECREIO
RECREIO DOS BANDERANTES,RECREIO
RECREIO DOS BANDEIRANTES,RECREIO 
RICAR DE ALBUQUERQUE,RICARDO DE ALBUQUERQUE
RICARDO ALBUQUERQUE,RICARDO DE ALBUQUERQUE
RIO CUMPRIDO,RIO COMPRIDO
RIO DAS PEDRAS,JACAREPAGUA
RIO DE JANEIRO CACUIA ,CACUIA
ROCINHA TERREIRAO,ROCINHA
SANTA CRUZ JESUITA,SANTA CRUZ
SANTA RITA,CAMPO GRANDE
SANTA TEREZA,SANTA TERESA
SAO BENTO     BANGU,BANGU
SEN VASCONCELOS,SENADOR VASCONCELOS
SENADOR AUGUSTO VASCONCELOS,SENADOR VASCONCELOS
S CAMARA,SENADOR CAMARA
ST TEREZA ,SANTA TERESA
STA CRUZ,SANTA CRUZ
STA TEREZA,SANTA TERESA
^SULACAPE$,JARDIM SULACAP
TAQUARA JACAREPAGUA,TAQUARA
TAQUARA JPG,TAQUARA
TAQUERA,TAQUARA
TAQUERA JACAREPAGUA ,TAQUARA
TAUA ILHA DO GOVERNADOR,TAUA
TERREIRAO ROCINHA,ROCINHA
TODOS SANTOS ,TODOS OS SANTOS
THOMAS COELHO,TOMAS COELHO
TASUARA,TAQUARA
TOMAZ COELHO,TOMAS COELHO
TRIJUCA ,TIJUCA
VAGARIO GERAL,VIGARIO GERAL
VARGEM PEQUENA JACAREPAGUA,VARGEM PEQUENA
VAS LOBO ,VAZ LOBO
VASCO GAMA ,VASCO DA GAMA
VIDICAL ,VIDIGAL
VIG GERAL,VIGARIO GERAL
VIGARIO GRAL,VIGARIO GERAL
VILA DO JOAO,MARE
VILA DO PINHEIRO$,MARE
VILA DOS PINHEIROS,MARE
VILA IZABEL,VILA ISABEL
VILA KENEDY,BANGU
VILA KENNEDY,BANGU
VILA KENNEDY BANGU,BANGU
VILA KOSMOS,VILA COSMOS
VILA KOSMO$,VILA COSMOS
VILA NOVA CAMPO GRANDE,CAMPO GRANDE
VILA VALQUIRE,VILA VALQUEIRE
VL DA PENHA,VILA DA PENHA
VL ISABEL,VILA ISABEL
CIDADE UNIVERSITARIA DA UNIVERSIDADE FEDERAL DO RIO DE JANEIRO,CIDADE UNIVERSITARIA
ARPOADOR,IPANEMA
ILHA DO COVERNADOR,ILHA DO GOVERNADOR
ILHA DO GOV MANERO,MONERO
JARDIM DO EDEN BANGU ,BANGU
ITANHANGA JACAREPAGUA ,ITANHANGA
MAL HERMES,MARECHAL HERMES
PC BANDEIRA,PRACA DA BANDEIRA
PITANGUEIRAS BEACH ,PITANGUEIRAS
RECREIO DOS BAND$,RECREIO
RECREIO DOS BANDEI$,RECREIO
S F XAVIER,SAO FRANCISCO XAVIER
SF XAVIER,SAO FRANCISCO XAVIER
VL VALQUEIRE,VILA VALQUEIRE
CONJ OTACILIO CAMARA,SANTA CRUZ
RECREIOANTES,RECREIO
ENG LEAL,ENGENHEIRO LEAL
ITANHAIGA BARRA DA TIJUCA ,ITANHANGA
BRAS PINA,BRAS DE PINA
VILA DAPENHA,VILA DA PENHA
JPA CURICICA,CURICICA
VILA VALQUIRIA,VILA VALQUEIRE
CACHOMBI,CACHAMBI
RECREIO DO BANDEIRANTES,RECREIO
FREGUESIA JACARE PAGUA,FREGUESIA JACAREPAGUA
PRACA SELA,PRACA SECA 
SANTA THEREZA,SANTA TERESA
$JACARE PAGUA$,JACAREPAGUA
JARDIM SULACAPE,JARDIM SULACAP
ILHA DO COVERNADOR TAUA,TAUA
GUARALUPE,GUADALUPE
BOATAFOGO,BOTAFOGO
BATAFOGO,BOTAFOGO
BANDU,BANGU
BANCU,BANGU
PAUNA,PAVUNA
JACARE PAGUA,JACAREPAGUA
COPACANA,COPACABANA
TANQUE JACAREPAGUA,TANQUE
TANGUE,TANQUE
PEDRA GUARATIBA,PEDRA DE GUARATIBA
ILHA DO GOVERNADOR VILAGEM,ILHA DO GOVERNADOR
ENGENHEIRO NOVO,ENGENHO NOVO
ENGENHO DENTRO,ENGENHO DE DENTRO
CURICICA JACAREPAGUA,CURICICA
