"","from","to"
"1","ALM","ALMIRANTE"
"2","ALMTE","ALMIRANTE"
"3","BELMONT","BELMONTE"
"4","BR","BARAO"
"5","BRTOLOMEU","BARTOLOMEU"
"6","BPO","BISPO"
"7","CAP","CAPITAO"
"8","BELA CAP","BELACAP"
"9","CAPT","CAPITAO"
"10","CDTE","COMANDANTE"
"11","CEL","CORONEL"
"12","CEL","CORONEL"
"13","CMDTE","COMANDANTE"
"14","CMTE","COMANDANTE"
"15","COM","COMANDANTE"
"16","COMDTE","COMANDANTE"
"17","COMP","COMPOSITOR"
"18","COMTE","COMANDANTE"
"19","CONDENSSA","CONDESSA"
"20","COTIJIPE","COTEGIPE"
"21","DEP","DEPUTADO"
"22","DES","DESEMBARGADOR"
"23","DO MATUA","MAPUA"
"24","DON","DOM"
"25","DR","DOUTOR"
"26","ENG","ENGENHEIRO"
"27","EMB","EMBAIXADOR"
"28","FCO","FRANCISCO"
"29","FROTIM","FROTIN"
"30","GAL","GENERAL"
"31","GAL","GENERAL"
"32","GEN","GENERAL"
"33","GENERAL BELEGALYE","GENERAL BELEGARDE"
"34","GENERAL BELEGARB","GENERAL BELEGARDE"
"35","GENERAL BELEGARD","GENERAL BELEGARDE"
"36","GOV","GOVERNADOR"
"37","HATACIONAL","HABITACIONAL"
"38","HERLDER CAMARA","HELDER CAMARA"
"39","INT","INTENDENTE"
"40","JR","JUNIOR"
"41","JR","JUNIOR"
"42","LOTTE","LOTT"
"43","MAL","MARECHAL"
"44","MARAPENGI","MARAPENDI"
"45","MAJ","MAJOR"
"46","MARECHAL FONTINELI","MARECHAL FONTINELE"
"47","MARECHAL FONTINELLE","MARECHAL FONTINELE"
"48","MIN","MINISTRO"
"49","MONS","MONSENHOR"
"50","N S","NOSSA SENHORA"
"51","N SRA","NOSSA SENHORA"
"52","NONA SENHORA","NOSSA SENHORA DE"
"53","NOSS SRA","NOSSA SENHORA"
"54","NOSSA SR","NOSSA SENHORA"
"55","NOSSA SRA","NOSSA SENHORA"
"56","NS","NOSSA SENHORA"
"57","NSSA SRA","NOSSA SENHORA"
"58","PR","PASTOR"
"59","PREF","PREFEITO"
"60","PRES","PRESIDENTE"
"61","PRIC","PRINCESA"
"62","PROF","PROFESSOR"
"63","PRS","PRESIDENTE"
"64","RNDON","RONDON"
"65","S","SAO"
"66","SARG","SARGENTO"
"67","SR","SENHOR"
"68","SD","SOLDADO"
"69","SEN","SENADOR"
"70","SGT","SARGENTO"
"71","SGTO","SARGENTO"
"72","SRG","SARGENTO"
"73","STA","SANTA"
"74","STA","SANTA"
"75","STO","SANTO"
"76","TEN","TENENTE"
"77","THOMASON","THOMPSON"
"78","VER","VEREADOR"
"79","VISC","VISCONDE"
"80","VL","VILA"
"81","VOL","VOLUNTARIOS"
"82","VOLINTARIOS","VOLUNTARIOS"
"83","VOULEVARD","BOULEVARD"
"84","WASTMAN","VAITSMAN"
"85","WESTRADA","ESTRADA"
"86","ZADIMA","ZAIDMANN"
"87","ZAIDMAN","ZAIDMANN"
"88","RUA RUA","RUA"
"89","RAD","RADIALISTA"
"90","REG","REGENTE"
"91","JORN","JORNALISTA"
"92","PROFA","PROFESSORA"
"93","BRG","BRIGADEIRO"
"94","ELETR","ELETRICISTA"
"95","CORT","CORRETOR"
"96","AVENIDA 28 DE SETEMBRO","BOULEVARD 28 DE SETEMBRO"
"97","SALVADOR ALENDE","SALVADOR ALLENDE"
"98","PEDRO DE MELLO","PEDRO DE MELO"
"99","RUA A PROJETADA","RUA PROJETADA A"
"100","RUA B PROJETADA","RUA PROJETADA B"
"101","RUA C PROJETADA","RUA PROJETADA C"
"102","RUA D PROJETADA","RUA PROJETADA D"
"103","RUA UM PROJETADA","RUA PROJETADA UM"
"104","DOM SEBASTIAO PRIMEIRO","DOM SEBASTIAO I"
"105","CESAR MORANI COMENDADOR","CESAR MORANI"
"106","CARLOS MATOSO CORREA","CARLOS MATTOSO CORREA"
"107","ALFREDO BALTAZAR DA SILVEIRA","ALFREDO BALTHAZAR DA SILVEIRA"
"108","SALAZAR MENDES D","SALAZAR MENDES DE MORAES"
"109","SALAZAR MENDES DE M","SALAZAR MENDES DE MORAES"
"110","AVENIDA EDGARD ROMERO","AVENIDA MINISTRO EDGARD ROMERO"
"111","AVENIDA RAINHA ELISABETH","AVENIDA RAINHA ELIZABETH DA BELGICA"
"112","AVENIDA RAINHA ELIZABETH","AVENIDA RAINHA ELIZABETH DA BELGICA"
"113","ESTRADA DOS SETE RIACHOS","ESTRADA SETE RIACHOS"
"114","AVENIDA ADEMAR BEBIANO","ESTRADA ADHEMAR BEBIANO"
"115","AVENIDA ADHEMAR BEBIANO","ESTRADA ADHEMAR BEBIANO"
"116","ALAMEDA CORINTIANS","ALAMEDA CORINTHIANS"
"117","AVENIDA BOULEVARD VINTE E OITO DE SETEMB","BOULEVARD 28 DE SETEMBRO"
