Bairro,Limite1,Limite2,Limite3,Limite4,Limite5,Limite6,Limite7,Limite8,Limite9,Limite10,Limite11,Limite12,Limite13,Limite14,Limite15,Limite16,Limite17
ABOLICAO,PILARES,ENGENHO DE DENTRO,ENCANTADO,PIEDADE,,,,,,,,,,,,,
ACARI,IRAJA,COELHO NETO,PARQUE COLUMBIA,,,,,,,,,,,,,,
AGUA SANTA,JACAREPAGUA,ENGENHO DE DENTRO,ENCANTADO,PIEDADE,FREGUESIA  JACAREPAGUA,,,,,,,,,,,,
ALTO DA BOA VISTA,SAO CONRADO,ITANHANGA,JACAREPAGUA,GRAJAU,TIJUCA,RIO COMPRIDO,SANTA TERESA,HUMAITA,JARDIM BOTANICO,GAVEA,,,,,,,
ANCHIETA,PARQUE ANCHIETA,RICARDO DE ALBUQUERQUE,GUADALUPE,PAVUNA,,,,,,,,,,,,,
ANDARAI,TIJUCA,GRAJAU,VILA ISABEL,,,,,,,,,,,,,,
ANIL,JACAREPAGUA,GARDENIA AZUL,FREGUESIA  JACAREPAGUA,,,,,,,,,,,,,,
BANCARIOS,TAUA,FREGUESIA  ILHA DO GOVERNADOR,,,,,,,,,,,,,,,
BANGU,GERICINO,CAMPO GRANDE,SANTISSIMO,SENADOR CAMARA,REALENGO,PADRE MIGUEL,,,,,,,,,,,
BARRA DA TIJUCA,RECREIO,JACAREPAGUA,CAMORIM,ITANHANGA,SAO CONRADO,JOA,,,,,,,,,,,
BARRA DE GUARATIBA,GRUMARI,RECREIO,VARGEM GRANDE,GUARATIBA,,,,,,,,,,,,,
BARROS FILHO,COSTA BARROS,GUADALUPE,HONORIO GURGEL,COELHO NETO,PAVUNA,,,,,,,,,,,,
BENFICA,SAO FRANCISCO XAVIER,MANGUEIRA,SAO CRISTOVAO,VASCO DA GAMA,CAJU,MANGUINHOS,ROCHA,JACAREZINHO,,,,,,,,,
BENTO RIBEIRO,VILA VALQUEIRE,OSWALDO CRUZ,ROCHA MIRANDA,HONORIO GURGEL,MARECHAL HERMES,,,,,,,,,,,,
BONSUCESSO,RAMOS,MARE,COMPLEXO DO ALEMAO,HIGIENOPOLIS,MANGUINHOS,,,,,,,,,,,,
BOTAFOGO,COPACABANA,URCAR,LARANJEIRAS,FLAMENGO,HUMAITA,SANTA TERESA,,,,,,,,,,,
BRAS DE PINA,CORDOVIL,VISTA ALEGRE,PENHA CIRCULAR,VILA DA PENHA,,,,,,,,,,,,,
CACHAMBI,DEL CASTILHO,MARIA DA GRACA,JACARE,JACAREZINHO,ENGENHO NOVO,MEIER,TODOS OS SANTOS,ENHENHO DE DENTRO,INHAUMA,,,,,,,,
CACUIA,ZUMBI,PITAGUEIRAS,PRAIA DA BANDEIRA,COCOTA,JARDIM CARIOCA,JARDIM GUANABARA,,,,,,,,,,,
CAJU,MARE,MANGUINHOS,BENFICA,VASCO DA GAMA,SAO CRISTOVAO,SANTO CRISTO,,,,,,,,,,,
CAMORIM,VARGEM GRANDE,VARGEM PEQUENA,JACAREPAGUA,BARRA DA TIJUCA,RECREIO,,,,,,,,,,,,
CAMPINHO,OSWALDO CRUZ,MADUREIRA,CASCADURA,PRACA SECA,VILA VALQUEIRE,,,,,,,,,,,,
CAMPO DOS AFONSOS,JARDIM SULACAP,VILA VALQUEIRE,MARECHAL HERMES,DEODORO,VILA MILITAR,,,,,,,,,,,,
CAMPO GRANDE,PACIENCIA,COSMOS,INHOAIBA,GUARATIBA,VARGEM GRANDE,SENADOR CAMARA,SENADOR VASCONCELOS,SANTISSIMO,BANGU,,,,,,,,
CASCADURA,QUINTINO,CAVALCANTI,ENGENHEIRO LEAL,OSWALDO CRUZ,CAMPINHO,PRACA SECA,,,,,,,,,,,
CATETE,LARANJEIRAS,FLAMENGO,GLORIA,SANTA TERESA,,,,,,,,,,,,,
CATUMBI,SANTA TERESA,RIO COMPRIDO,ESTACIO,CIDADE NOVA,,,,,,,,,,,,,
CAVALCANTI,VAZ LOBO,VICENTE DE CARVALHO,TOMAS COELHO,PIEDADE,QUINTINO,CASCADURA,ENGENHEIRO LEAL,MADUREIRA,,,,,,,,,
CENTRO,GLORIA,LAPA,SANTA TERESA,CIDADE NOVA,SANTO CRISTO,GAMBOA,SAUDE,,,,,,,,,,
CIDADE DE DEUS,JACAREPAGUA,GARDENIA AZUL,FREGUESIA  JACAREPAGUA,TAQUARA,PECHINCHA,,,,,,,,,,,,
CIDADE NOVA,ESTACIO,PRACA DA BANDEIRA,SANTO CRISTO,CENTRO,SANTA TERESA,CATUMBI,,,,,,,,,,,
CIDADE UNIVERSITARIA,,,,,,,,,,,,,,,,,
COCOTA,BANCARIOS,TAUA,JARDIM CARIOCA,CAUIA,PRAIA DA BANDEIRA,,,,,,,,,,,,
COELHO NETO,PAVUNA,ACARI,IRAJA,ROCHA MIRANDA,HONORIO GURGEL,COLEGIO,BARROS FILHO,,,,,,,,,,
COLEGIO,ROCHA MIRANDA,IRAJA,COELHO NETO,,,,,,,,,,,,,,
COMPLEXO DO ALEMAO,OLARIA,RAMOS,BONSUCESSO,HIGIENOPOLIS,INHAUMA,ENGENHO DA RAINHA,,,,,,,,,,,
COPACABANA,IPANEMA,LAGOA,BOTAFOGO,LEME,,,,,,,,,,,,,
CORDOVIL,PARADA DE LUCAS,VISTA ALEGRE,BRAS DE PINA,PENHA CIRCULAR,,,,,,,,,,,,,
COSME VELHO,SANTA TERESA,LARANJEIRAS,,,,,,,,,,,,,,,
COSMOS,SANTA CRUZ,PACIENCIA,GUARATIBA,INHOAIBA,CAMPO GRANDE,,,,,,,,,,,,
COSTA BARROS,GUADALUPE,BARROS FILHO,PAVUNA,,,,,,,,,,,,,,
CURICICA,JACAREPAGUA,TAQUARA,,,,,,,,,,,,,,,
DEL CASTILHO,INHAUMA,HIGIENOPOLIS,MARIA DA GRACA,CACHAMBI,,,,,,,,,,,,,
DEODORO,VILA MILITAR,RICARDO DE ALBUQUERQUE,GUADALUPE,MARECHAL HERMES,CAMPO DOS AFONSOS,,,,,,,,,,,,
ENCANTADO,ENGENHO DE DENTRO,PIEDADE,ABOLICAO,AGUA SANTA,,,,,,,,,,,,,
ENGENHEIRO LEAL,CAVALCANTI,CASCADURA,MADUREIRA,,,,,,,,,,,,,,
ENGENHO DA RAINHA,VILA COSMOS,PENHA CIRCULAR,OLARIA,COMPLEXO DO ALEMAO,INHAUMA,PILARES,TOMAS COELHO,,,,,,,,,,
ENGENHO DE DENTRO,AGUA SANTA,ENCANTADO,ABOLICAO,PILARES,INHAUMA,CACHAMBI,TODOS OS SANTOS,MEIER,LINS,JACAREPAGUA,,,,,,,
ENGENHO NOVO,LINS,MEIER,CACHAMBI,JACARE,SAMPAIO,VILA ISABEL,GRAJAU,,,,,,,,,,
ESTACIO,CATUMBI,RIO COMPRIDO,CIDADE NOVA,PRACA DA BANDEIRA,,,,,,,,,,,,,
FLAMENGO,LARANJEIRAS,BOATAFOGO,CATETE,GLORIA,,,,,,,,,,,,,
FREGUESIA ILHA DO GOVERNADOR,BANCARIOS,,,,,,,,,,,,,,,,
FREGUESIA JACAREPAGUA,JACAREPAGUA,AGUA SANTA,QUINTINO,TANQUE,PECHINCHA,CIDADE DE DEUS,GARDENIA AZUL,ANIL,,,,,,,,,
GALEAO,JARDIM GUANABARA,PORTUGUESA,,,,,,,,,,,,,,,
GAMBOA,SANTO CRISTO,CENTRO,SAUDE,,,,,,,,,,,,,,
GARDENIA AZUL,ANIL,FREGUESIA  JACAREPAGUA,JACAREPAGUA,CIDADE DE DEUS,,,,,,,,,,,,,
GAVEA,VIDIGAL,ROCINHA,SAO CONRADO,LEBLON,LAGOA,JARDIM BOTANICO,ALTO DA BOA VISTA,,,,,,,,,,
GERICINO,BANGU,,,,,,,,,,,,,,,,
GLORIA,FLAMENGO,CATETE,SANTA TERESA,LAPA,CENTRO,,,,,,,,,,,,
GRAJAU,JACAREPAGUA,ALTO DA BOAVISTA,TIJUCA,ANDARAI,VILA ISABEL,ENGENHO NOVO,LINS,,,,,,,,,,
GRUMARI,RECREIO,BARRA DE GUARATIBA,,,,,,,,,,,,,,,
GUADALUPE,RICARDO DE ALBUQUERQUE,ANCHIETA,COSTA BARROS,BARROS FILHO,MARECHAL HERMES,DEODORO,,,,,,,,,,,
GUARATIBA,PEDRA DE GUARATIBA,BARRA DE GUARATIBA,VARGEM GRANDE,CAMPO GRANDE,INHOAIBA,COSMOS,SANTA CRUZ,SEPETIBA,,,,,,,,,
HIGIENOPOLIS,COMPLEXO DO ALEMAO,BONSUCESSO,MANGUINHOS,MARIA DA GRACA,DEL CASTILHO,INHAUMA,,,,,,,,,,,
HONORIO GURGEL,ROCHA MIRANDA,COELHO NETO,BARROS FILHO,MARECHAL HERMES,BENTO RIBEIRO,,,,,,,,,,,,
HUMAITA,LAGOA,SANTA TERESA,JARDIM BOTANICO,ALTO DA BOA VISTA,BOTAFOGO,,,,,,,,,,,,
IMPERIAL DE SAO CRISTOVAO,MARACANA,PRACA DA BANDEIRA,SANTO CRISTO,CAJU,VASCO DA GAMA,BENFICA,MANGUEIRA,,,,,,,,,,
INHAUMA,ENGENHO DA RAINHA,COMPLEXO DO ALEMAO,HIGIENOPOLIS,DEL CASTILHO,CACHAMBI,ENGENHO DE DENTRO,PILARES,,,,,,,,,,
INHOAIBA,GUARATIBA,COSMOS,CAMPO GRANDE,,,,,,,,,,,,,,
IPANEMA,LEBLON,LAGOA,COPACABANA,,,,,,,,,,,,,,
IRAJA,ROCHA MIRANDA,COLEGIO,COELHO NETO,ACARI,JARDIM AMERICA,VIGARIO GERAL,PARADA DE LUCAS,VISTA ALEGRE,BRAS DE PINA,VILA DA PENHA,VICENTE DE CARVALHO,VAZ LOBO,PARQUE COLUMBIA,,,,
ITANHANGA,SAO CONRADO,ALTO DA BOAVISTA,JACAREPAGUA,BARRA DA TIJUCA,,,,,,,,,,,,,
JACARE,JACAREZINHO,ROCHA,RIACHUELO,SAMPAIO,ENGENHO NOVO,CACHAMBI,,,,,,,,,,,
JACAREPAGUA,REALENGO,SENADOR CAMARA,VARGEM GRANDE,CAMORIM,BARRA DA TIJUCA,ITANHANGA,ALTO DA BOA VISTA,GRAJAU,LINS,ENGENHO DE DENTRO,AGUA SANTA,FREGUESIA  JACAREPAGUA,ANIL,GARDENIA AZUL,CIDADE DE DEUS,CURICICA,TAQUARA
JACAREZINHO,MARIA DA GRACA,MANGUINHOS,BENFICA,JACARE,CACHAMBI,ROCHA,,,,,,,,,,,
JARDIM AMERICA,PAVUNA,IRAJA,VIGARIO GERAL,,,,,,,,,,,,,,
JARDIM BOTANICO,GAVEA,LAGOA,HUMAITA,ALTO DA BOA VISTA,,,,,,,,,,,,,
JARDIM CARIOCA,PORTUGUESA,MONERO,TAUA,COCOTA,CACUIA,JARDIM GUANABARA,,,,,,,,,,,
JARDIM GUANABARA,GALEAO,PORTUGUESA,JARDIM CARIOCA,CACUIA,,,,,,,,,,,,,
JARDIM SULACAP,TAQUARA,TANQUE,VILA VALQUEIRE,CAMPO DOS AFONSOS,VILA MILITAR,REALENGO,,,,,,,,,,,
JOA,SAO CONRADO,BARRA DA TIJUCA,,,,,,,,,,,,,,,
LAGOA,LEBLON,IPANEMA,COPACABANA,HUMAITA,JARDIM BOTANICO,GAVEA,,,,,,,,,,,
LAPA,GLORIA,SANTA TERESA,CENTRO,,,,,,,,,,,,,,
LARANJEIRAS,BOTAFOGO,FLAMENGO,CATETE,SANTA TERESA,COSME VELHO,,,,,,,,,,,,
LEBLON,VIDIGAL,GAVEA,LAGOA,IPANEMA,,,,,,,,,,,,,
LEME,COPACABANA,BOATAFOGO,URCA,,,,,,,,,,,,,,
LINS,ENGENHO DE DENTRO,JACAREPAGUA,GRAJAU,ENGENHO NOVO,MEIER,,,,,,,,,,,,
MADUREIRA,CASCADURA,ENGENHEIRO LEAL,CAVALCANTI,VAZ LOBOS,TURIACU,OSWALDO CRUZ,CAMPINHO,,,,,,,,,,
MAGALHAES BASTOS,REALENGO,VILA MILITAR,,,,,,,,,,,,,,,
MANGUEIRA,MARACANA,SAO FRANCISCO XAVIER,SAO CRISTOVAO,BENFICA,,,,,,,,,,,,,
MANGUINHOS,BONSUCESSO,MARE,CAJU,BENFICA,JACAREZINHO,,,,,,,,,,,,
MARACANA,TIJUCA,VILA ISABEL,MANGUEIRA,SAO CRISTOVAO,PRACA DA BANDEIRA,,,,,,,,,,,,
MARE,OLARIA,RAMOS,BONSUCESSO,MANGUINHOS,CAJU,,,,,,,,,,,,
MARECHAL HERMES,CAMPO DOS AFONSOS,DEODORO,GUADALUPE,VILA VALQUEIRE,BENTO RIBEIRO,HONORIO HUGEL,,,,,,,,,,,
MARIA DA GRACA,DEL CASTILHO,HIGIENOPOLIS,MANGUINHOS,JACAREZINHO,CACHAMBI,,,,,,,,,,,,
MEIER,ENGENHO DE DENTRO,TODOS OS SANTOS,CACHAMBI,ENGENHO NOVO,LINS,,,,,,,,,,,,
MONERO,PORTUGUESA,TAUA,JARDIM CARIOCA,,,,,,,,,,,,,,
OLARIA,PENHA,ENGENHO DA RAINHA,COMPLEXO DO ALEMAO,RAMOS,,,,,,,,,,,,,
OSWALDO CRUZ,ROCHA MIRANDA,CAMPINHO,MADUREIRA,TURIACU,BENTO RIBEIRO,,,,,,,,,,,,
PACIENCIA,SANTA CRUZ,COSMOS,CAMPO GRANDE,,,,,,,,,,,,,,
PADRE MIGUEL,BANGU,REALENGO,,,,,,,,,,,,,,,
PAQUETA,,,,,,,,,,,,,,,,,
PARADA DE LUCAS,VIGARIO GERAL,CORDOVIL,IRAJA,,,,,,,,,,,,,,
PARQUE ANCHIETA,REALENGO,RICARDO DE ALBUQUERQUE,VILA MILITAR,ANCHIETA,,,,,,,,,,,,,
PARQUE COLUMBIA,ACARI,PAVUNA,,,,,,,,,,,,,,,
PAVUNA,ANCHIETA,COSTA BARROS,BARROS FILHO,COELHO NETO,PARQUE COLUMBIA,JARDIM AMERICA,,,,,,,,,,,
PECHINCHA,CIDADE DE DEUS,FREGUESIA  JACAREPAGUA,TANQUE,TAQUARA,,,,,,,,,,,,,
PEDRA DE GUARATIBA,GUARATIBA,,,,,,,,,,,,,,,,
PENHA,PENHA CIRCULAR,OLARIA,,,,,,,,,,,,,,,
PENHA CIRCULAR,CORDOVIL,BRAS PINA,VILA DA PENHA,PENHA,VILA COSMOS,ENGENHO DA RAINHA,,,,,,,,,,,
PIEDADE,AGUA SANTA,ENCANTADO,ABOLICAO,PILARES,TOMAS COELHO,CAVALCANTI,QUINTINO,,,,,,,,,,
PILARES,TOMAS COELHO,ENGENHO DA RAINHA,INHAUMA,ENGENHO DE DENTRO,ABOLICAO,PIEDADE,,,,,,,,,,,
PITANGUEIRAS,ZUMBI,CACUIA,PRAIA DA BANDEIRA,,,,,,,,,,,,,,
PORTUGUESA,MONERO,JARDIM CARIOCA,JARDIM GUANABARA,,,,,,,,,,,,,,
PRACA DA BANDEIRA,RIO COMPRIDO,ESTACIO,CIDADE NOVA,SANTO CRISTO,SAO CRISTOVAO,MARACANA,TIJUCA,,,,,,,,,,
PRACA SECA,TANQUE,QUINTINO,CASCADURA,CAMPINHO,VILA VALQUEIRE,,,,,,,,,,,,
PRAIA DA BANDEIRA,PITANGUEIRAS,CACUIA,COCOTA,,,,,,,,,,,,,,
QUINTINO,PIEDADE,CASCADURA,PRACA SECA,TANQUE,FREGUESIA  JACAREPAGUA,,,,,,,,,,,,
RAMOS,OLARIA,MARE,BONSUCESSO,COMPLEXO DO ALEMAO,,,,,,,,,,,,,
REALENGO,JACAREPAGUA,TAQUARA,JARDIM SULACAP,MAGALHAES BASTOS,VILA MILITAR,PARQUE ANCHIETA,PADRE MIGUEL,,,,,,,,,,
RECREIO,GRUMARI,BARRA DE GUARATIBA,VARGEM GRANDE,VARGEM PEQUENA,CAMORIM,BARRA DA TIJUCA,,,,,,,,,,,
RIACHUELO,VILA ISABEL,ROCHA,SAMPAIO,JACARE,,,,,,,,,,,,,
RIBEIRA,ZUMBI,,,,,,,,,,,,,,,,
RICARDO DE ALBUQUERQUE,ANCHIETA,PARQUE ANCHIETA,VILA MILITAR,DEODORO,GUADALUPE,,,,,,,,,,,,
RIO COMPRIDO,SANTA TERESA,ALTO DA BOAVISTA,TIJUCA,PRACA DA BANDEIRA,ESTACIO,CATUMBI,,,,,,,,,,,
ROCHA,VILA ISABEL,SAO FRANCISCO XAVIER,BENFICA,JACARE,RIACHUELO,,,,,,,,,,,,
ROCHA MIRANDA,HONORIO GURGEL,BENTO RIBEIRO,TURIACU,OSWALDO CRUZ,IRAJA,COELHO NETO,COLEGIO,,,,,,,,,,
ROCINHA,SAO CONRADO,GAVEA,VIDIGAL,,,,,,,,,,,,,,
SAMPAIO,RIACHUELO,JACARE,VILA ISABEL,ENGENHO NOVO,,,,,,,,,,,,,
SANTA CRUZ,SEPETIBA,COSMOS,PACIENCIA,,,,,,,,,,,,,,
SANTA TERESA,ALTO DA BOA VISTA,COSME VELHO,LARANJEIRAS,CATETE,GLORIA,LAPA,CATUMBI,RIO COMPRIDO,CENTRO,HUMAITA,BOTAFOGO,,,,,,
SANTISSIMO,SENADOR VASCONCELOS,SENADOR CAMARA,BANGU,CAMPO GRANDE,,,,,,,,,,,,,
SANTO CRISTO,CIDADE NOVA,PRACA DA BANDEIRA,CAJU,SAO CRISTOVAO,GAMBOA,CENTRO,,,,,,,,,,,
SAO CONRADO,ITANHANGA,JOA,BARRA DA TIJUCA,VIDIGAL,ROCINHA,ALTO DA BOAVISTA,GAVEA,,,,,,,,,,
SAO FRANCISCO XAVIER,VILA ISABEL,MANGUEIRA,BENFICA,ROCHA,,,,,,,,,,,,,
SAUDE,CENTRO,GAMBOA,,,,,,,,,,,,,,,
SENADOR CAMARA,CAMPO GRANDE,SENADOR VASCONCELOS,SANTISSIMO,BANGU,REALENGO,JACAREPAGUA,,,,,,,,,,,
SENADOR VASCONCELOS,CAMPO GRANDE,SENADOR CAMARA,SANTISSIMO,,,,,,,,,,,,,,
SEPETIBA,GUARATIBA,SANTA CRUZ,,,,,,,,,,,,,,,
TANQUE,PECHINCHA,FREGUESIA  JACAREPAGUA,QUINTINO,PRACA SECA,VILA VALQUEIRE,JARDIM SULACAP,TAQUARA,,,,,,,,,,
TAQUARA,JACAREPAGUA,CURICICA,CIDADE DE DEUS,PECHINCHA,TANQUE,JARDIM SULACAP,REALENGO,,,,,,,,,,
TAUA,MONERO,JARDIM CARIOCA,COCOTA,BANCARIOS,,,,,,,,,,,,,
TIJUCA,ALTO DA BOA VISTA,RIO COMPRIDO,PRACA DA BANDEIRA,MARACANA,VILA ISABEL,ANDARAI,GRAJAU,,,,,,,,,,
TODOS OS SANTOS,ENGENHO DE DENTRO,CACHAMBI,MEIER,,,,,,,,,,,,,,
TOMAS COELHO,VICENTE DE CARVALHO,VILA COSMOS,ENGENHO DA RAINHA,PILARES,PIEDADE,CAVALCANTI,,,,,,,,,,,
TURIACU,OSWALDO CRUZ,MADUREIRA,VAZ LOBO,ROCHA MIRANDA,,,,,,,,,,,,,
URCA,BOTAFOGO,LEME,,,,,,,,,,,,,,,
VARGEM GRANDE,GUARATIBA,BARRA DE GUARATIBA,RECREIO,VARGEM PEQUENA,CAMORIM,JACAREPAGUA,SENADOR CAMARA,CAMPO GRANDE,,,,,,,,,
VARGEM PEQUENA,VARGEM GRANDE,RECREIO,CAMORIM,,,,,,,,,,,,,,
VASCO DA GAMA,SAO CRISTOVAO,CAJU,BENFICA,,,,,,,,,,,,,,
VAZ LOBO,IRAJA,VICENTE DE CARVALHO,CAVALCANTI,MADUREIRA,TURIACU,,,,,,,,,,,,
VICENTE DE CARVALHO,IRAJA,VILA DA PENHA,VILA COSMOS,TOMAS COELHO,CAVALCANTI,VAZ LOBO,,,,,,,,,,,
VIDIGAL,SAO CONRADO,ROCINHA,GAVEA,LEBLON,,,,,,,,,,,,,
VIGARIO GERAL,JARDIM AMERICA,PARADA DE LUCAS,IRAJA,,,,,,,,,,,,,,
VILA COSMOS,VILA DA PENHA,PENHA CIRCULAR,ENGENHO DA RAINHA,TOMAS COELHO,VICENTE DE CARVALHO,,,,,,,,,,,,
VILA DA PENHA,BRAS DE PINA,PENHA CIRCULAR,VILA COSMOS,VICENTE DE CARVALHO,IRAJA,,,,,,,,,,,,
VILA ISABEL,TIJUCA,GRAJAU,ANDARAI,ENGENHO NOVO,SAMPAIO,RIACHUELO,ROCHA,SAO FRANCISCO XAVIER,MARACANA,,,,,,,,
VILA MILITAR,JARDIM SULACAP,CAMPO DOS AFONSOS,DEODORO,RICARDO DE ALBUQUERQUE,PARQUE ANCHIETA,REALENGO,MAGALHAES BASTOS,,,,,,,,,,
VILA VALQUEIRE,PRACA SECA,CAMPINHO,BENTO RIBEIRO,MARECHAL HERMES,CAMPO DOS AFONSOS,JARDIM SULACAP,TANQUE,,,,,,,,,,
VISTA ALEGRE,IRAJA,BRAS PINA,CORDOVIL,,,,,,,,,,,,,,
ZUMBI,CACUIA,RIBEIRA,,,,,,,,,,,,,,,
