"","LOGRATIPO_base"
"1","DA ABOLICAO"
"2","ACURUI"
"3","BRAULIO"
"4","ENORA"
"5","LIVRE"
"6","OLARIA"
"7","PEREIRA DA SILVA"
"8","PIRACAMBU"
"9","PORTINHO"
"10","SAO PAULO"
"11","SOUZA"
"12","UNIAO"
"13","DA CASCATINHA"
"14","DA GAVEA PEQUENA"
"15","DA PEDRA BONITA"
"16","ALAIR"
"17","ARAGUATINS"
"18","CHICO MENDES"
"19","JAVATA"
"20","ROMARIO MUNIZ"
"21","SARGENTO REGO"
"22","SEVERINO DE OLIVEIRA"
"23","VITORIA"
"24","FERREIRA PONTES"
"25","UM"
"26","AGLAIA"
"27","ALBUQUERQUE"
"28","ARARUAMA"
"29","CAMAROES"
"30","CENTRAL"
"31","CINCO"
"32","DOIS"
"33","DOM PEDRO I"
"34","DO ENCANAMENTO"
"35","DO ENGENHO"
"36","ESPERANCA"
"37","FLOR DE MAIO"
"38","DA LIBERDADE"
"39","DO LUCIO"
"40","MARAVILHA"
"41","MIAMI"
"42","NETUNO"
"43","OTAVIANO ROMEIRO"
"44","SAO JUDAS TADEU"
"45","DA SAUDADE"
"46","TOQUIO"
"47","TRES"
"48","BRASIL"
"49","MEXICO"
"50","SANTO ANTONIO"
"51","SAO PEDRO"
"52","LIBERDADE"
"53","AMIZADE"
"54","LUCIO FLORIN"
"55","DO CANAL"
"56","DAS CASUARINAS"
"57","DAS PALMEIRAS"
"58","DAS GARCAS"
"59","DAS AMERICAS"
"60","DA VENDINHA"
"61","JOANA D'ARC"
"62","JOAO PAULO"
"63","JOAO PESSOA"
"64","MARGARIDA"
"65","NOSSA SENHORA DE FATIMA"
"66","PEDRO PORTO"
"67","SAO SEBASTIAO"
"68","SILVIO TERRA"
"69","SANTA LUZIA"
"70","SAPUCAIA"
"71","ITAMARANDIBA"
"72","MARECHAL AGUIAR"
"73","DA FONTINHA"
"74","DA ALEGRIA"
"75","BELA VISTA"
"76","DE BONSUCESSO"
"77","DAS FLORES"
"78","LONDRES"
"79","NOVA JERUSALEM"
"80","PARAIBUNA"
"81","DA PAZ"
"82","PEDRO TORRES"
"83","DA PRAIA"
"84","PRINCESA ISABEL"
"85","SAO BENTO"
"86","SAO CARLOS"
"87","SAO GERALDO"
"88","SAO JORGE"
"89","SAO JOSE"
"90","ICATU"
"91","DA BICA"
"92","A"
"93","AMARAL"
"94","AMARO CAVALCANTI"
"95","B"
"96","BARCELOS DOMINGOS"
"97","BEIRA-RIO"
"98","BELISARIO DOS SANTOS"
"99","BEM-TE-VI"
"100","C"
"101","CABO FIDELIS"
"102","CANDIDA ROSA"
"103","DO CANTAGALO"
"104","D"
"105","DONA ELISA"
"106","E"
"107","EULINO NOGUEIRA"
"108","DO GENIPAPO"
"109","H"
"110","I"
"111","J"
"112","JUPATI"
"113","DO LAMEIRAO PEQUENO"
"114","LEONIDAS"
"115","DOS LIMOEIROS"
"116","LINGUA DA SOGRA"
"117","MANGUEIRAL"
"118","DO MENDANHA"
"119","DO MONTEIRO"
"120","MORICABA"
"121","OROZIMBO ESTEVES"
"122","DA POSSE"
"123","R"
"124","SEM NOME"
"125","DA SERRINHA"
"126","SERVIDAO"
"127","SOLDADO ANTONIO DA SILVEIRA"
"128","DO TINGUI"
"129","VITOR COSTA"
"130","DAS ARVORES"
"131","DOS EUCALIPTOS"
"132","CABO PEDRO"
"133","DA GRACA"
"134","PAULO GRACINDO"
"135","N"
"136","L"
"137","M"
"138","Q"
"139","DALIAS"
"140","AZALEIA"
"141","CAMINHO XAVIER"
"142","FELICIO"
"143","CAICARAS"
"144","DE CATUMBI"
"145","GENERAL GALVAO"
"146","LAURINDO FILHO"
"147","ZEFERINO DA COSTA"
"148","DA CARIOCA"
"149","DA LAPA"
"150","DA MISERICORDIA"
"151","DO OUVIDOR"
"152","DO ROSARIO"
"153","DE SANTANA"
"154","SENHOR DE MATOSINHOS"
"155","DA OLARIA"
"156","ORLANDIA"
"157","SAO BENEDITO"
"158","DO COLEGIO"
"159","ELOI RODRIGUES"
"160","ESPACIAL"
"161","MARINETE ARAUJO"
"162","MATIAS TEIXEIRA"
"163","DA PEDREIRA"
"164","GUIMARAES NATAL"
"165","SANTA CLARA"
"166","ANTONIO JOAO"
"167","ARICAMBU"
"168","NOSSA SENHORA DA PENHA"
"169","DO BOTICARIO"
"170","DO CORCOVADO"
"171","AFONSO DE CARVALHO"
"172","DAS AMENDOEIRAS"
"173","DAS AMOREIRAS"
"174","GUARUJA"
"175","NOVE"
"176","ONZE"
"177","QUATRO"
"178","CAMBOATA"
"179","SAO JOAO"
"180","SERPA"
"181","DELFOS"
"182","F"
"183","G"
"184","DA CRECHE"
"185","MINISTRO MAVIGNIER"
"186","NOVA"
"187","SAO MARCOS"
"188","SAO MIGUEL"
"189","RAUL COELHO"
"190","ARAUJO LEITAO"
"191","DO BISPO"
"192","PECANHA DA SILVA"
"193","ESTACIO DE SA"
"194","MAJOR FREITAS"
"195","ITACUA"
"196","ZAQUIA JORGE"
"197","GAIVOTA"
"198","DO GALEAO"
"199","DO BARROSO"
"200","CRUZEIRO"
"201","DAS ESCADINHAS DO LIVRAMENTO"
"202","MADRE DE DEUS"
"203","DA GLORIA"
"204","DO RUSSEL"
"205","ARAXA"
"206","CARUARU"
"207","PROFESSOR VALADARES"
"208","DA PRAINHA"
"209","GUANABARA"
"210","ABILIO BARRETO"
"211","AGRICULTORES"
"212","AMAZONAS"
"213","ARACI"
"214","ASSUNCAO"
"215","DA BAIANA"
"216","BOM REPOUSO"
"217","DO CABRAL"
"218","CABUCU DE BAIXO"
"219","CARMEM"
"220","DOS CONSTRUTORES"
"221","DA FAZENDA"
"222","FRAGOSO"
"223","GERALDO ROSA"
"224","HERMINIA"
"225","DA ILHA"
"226","ITUMIRIM"
"227","JURARI"
"228","LASSANCE"
"229","MANGUEIRA"
"230","DA MATRIZ"
"231","DO MORGADO"
"232","PORTO CAMARGO"
"233","RIBEIRO"
"234","SILVA PINTO"
"235","DAS TACHAS"
"236","PROJETADA B"
"237","PROJETADA A"
"238","VITAL"
"239","PROJETADA"
"240","MARIA ESTELA"
"241","CAMPOS SALES"
"242","TENENTE ABEL CUNHA"
"243","JURUNA"
"244","FAFERJ"
"245","CAJATUBA"
"246","URURAI"
"247","DO HUMAITA"
"248","AUGUSTO BORBOREMA"
"249","DO ESPIRITO SANTO"
"250","NOSSA SENHORA DA CONCEICAO"
"251","ODILON"
"252","SANTA FE"
"253","SAO MATEUS"
"254","VALMIR"
"255","VAZ DA COSTA"
"256","DO EXTERNATO"
"257","JOEL BRANCO"
"258","MORANGA"
"259","NESTOR"
"260","JOSE MACHADO"
"261","SETE"
"262","AMARO RANGEL"
"263","AREAL"
"264","BATISTA"
"265","CAJUEIROS"
"266","CONCORDIA"
"267","CONSELHEIRO PAZ"
"268","COQUEIROS"
"269","COSTA FERREIRA"
"270","DALVA"
"271","DARCI VARGAS"
"272","DOM BOSCO"
"273","DOUTOR LEAL"
"274","ESPIRITO SANTO"
"275","DA FELICIDADE"
"276","GASPAR DUTRA"
"277","GETULIO VARGAS"
"278","GLORIA"
"279","GOIAS"
"280","ISA"
"281","JERUSALEM"
"282","JOAO ALBERTO"
"283","MARCILIO DIAS"
"284","MARQUES DE HERVAL"
"285","MILAGRES"
"286","DOS MINEIROS"
"287","NOSSA SENHORA DAS GRACAS"
"288","PERAUBA"
"289","QUINZE DE AGOSTO"
"290","ROSARIO"
"291","SANTA LAURA"
"292","SAO MANUEL"
"293","SARGENTO DAVI"
"294","SENHOR DO BONFIM"
"295","SILVA REGO"
"296","VIEIRA FAZENDA"
"297","VILA JARDIM"
"298","VILA NATAL"
"299","ZELIA"
"300","ANDRE"
"301","CACAMBE"
"302","IMPERATRIZ LEOPOLDINA"
"303","CELIA"
"304","DO CONTORNO"
"305","FLORIDA"
"306","HARMONIA"
"307","HILTON"
"308","IRACI"
"309","JOAO CIRINO"
"310","JONAS"
"311","MARTA"
"312","NADIA"
"313","GUILHERME"
"314","JARDIM BOTANICO"
"315","DA COMISSAO"
"316","BURITI"
"317","MANO DECIO DA VIOLA"
"318","MARIA JOSE"
"319","APUCARANA"
"320","CARINHANHA"
"321","MARECHAL MALLET"
"322","PINTO DA FONSECA"
"323","HENRIQUE DE MESQUITA"
"324","CARLOS CHAGAS"
"325","DOUTOR GREGORIO DE SA"
"326","GIL GAFREE"
"327","MARACANA"
"328","OPERARIA"
"329","IBIQUERA"
"330","DO DENDE"
"331","MATIAS"
"332","PARA"
"333","PRIMEIRO DE MAIO"
"334","SANTA RITA"
"335","ETELVINA"
"336","JACUPEMA"
"337","TENENTE PIMENTEL"
"338","PIUNA"
"339","CESARIO DE MELO"
"340","DOM JOAO VI"
"341","MANGUARIBA"
"342","DOS PALMARES"
"343","PEDRO JERONIMO DE SOUZA"
"344","QUINZE"
"345","RIO NOVO DO SUL"
"346","TANCREDO NEVES"
"347","TANCREDO PINTO"
"348","DOS VIEIRAS"
"349","GERALDO BERTI"
"350","SAULO DE VASCONCELOS"
"351","SEIS"
"352","JOSE CRISPIM DANTAS"
"353","GENERAL GOMES DE CASTRO"
"354","HUMBERTO TEIXEIRA"
"355","LEO SIMOES"
"356","OLIVEIRA RIBEIRO"
"357","PROFESSOR CLEMENTE FERREIRA"
"358","SIKA"
"359","VALDOMIRO"
"360","VIDAL DE NEGREIROS"
"361","ALVARO VAZ"
"362","CERQUEIRA"
"363","DOIS IRMAOS"
"364","SAO ROQUE"
"365","DOS TAMOIOS"
"366","HENRIQUE DIAS"
"367","CORDEIRO"
"368","ALBERTINA GUERRA"
"369","HONORIO HERMETO"
"370","DAS MANGUEIRAS"
"371","PALAS"
"372","PEDRA VERMELHA"
"373","SARGENTO ANTONIO ERNESTO"
"374","PADRE LIMA"
"375","PAU-FERRO"
"376","DO CATRUZ"
"377","DARCI"
"378","DOUTOR GAMA ROSA"
"379","DA PEDRA"
"380","PONTA GROSSA"
"381","DA PONTA GROSSA"
"382","PROFESSOR ANTONIO REIS"
"383","SAIAO LOBATO"
"384","DONA ANA"
"385","JOSE RUCAS"
"386","DA PENHA"
"387","REGINA"
"388","SAO FRANCISCO DE PAULA"
"389","SAO JUSTINO"
"390","SAO LUCAS"
"391","SAO VICENTE DE PAULA"
"392","VISTA ALEGRE"
"393","AIMORE"
"394","DO CAMPO"
"395","BOM PASTOR"
"396","DO COQUEIRO"
"397","CARDOSO QUINTAO"
"398","FREI HENRIQUE"
"399","MARTINS COSTA"
"400","PARANA"
"401","CINCINATO LOPES"
"402","MILTON CARLOS"
"403","CAPITAO CLAUDIO COUTINHO"
"404","DA CHACARA"
"405","GUSTAVO DORIA"
"406","SAO LAZARO"
"407","ANDRADE"
"408","NOSSA SENHORA APARECIDA"
"409","COSTA MENDES"
"410","DOUTOR NOGUCHI"
"411","DE ITARARE"
"412","JOAO DE SA"
"413","MARQUES DE OLIVEIRA"
"414","SARGENTO FERREIRA"
"415","DA SERRAGEM"
"416","VIUVA MENDONCA"
"417","ALFREDO BASTOS"
"418","BEIRA RIO"
"419","CARUMBE"
"420","HELENA"
"421","DO IMPERADOR"
"422","IMPERIAL"
"423","LOMAS VALENTINAS"
"424","MACEIO"
"425","MACHADO GUIMARAES"
"426","MARAGOGIPE"
"427","MARECHAL MARCIANO"
"428","PARAGUACU"
"429","PIRAQUARA"
"430","TAMANDARE"
"431","VILA NOVA"
"432","RUTH LIMA"
"433","ALICE FIGUEIREDO"
"434","AMBIRE CAVALCANTI"
"435","CANDIDO DE OLIVEIRA"
"436","SANTA ALEXANDRINA"
"437","GONCALVES FERREIRA"
"438","ABEL DA COSTA BRAGA"
"439","ADRIANO"
"440","ALEGRIA"
"441","ANTARES"
"442","ANTONIO PEDRO DE SOUZA"
"443","AREIA BRANCA"
"444","ATERRADO DO LEME"
"445","AURELIO DIAS"
"446","AURORA"
"447","DOS BAMBUS"
"448","DOS BANCARIOS"
"449","BERNARDINO DA SILVA MATOS"
"450","BOA ESPERANCA"
"451","BOA VISTA"
"452","BONS AMIGOS"
"453","CAMARA"
"454","CANAA"
"455","CARDOSO"
"456","QUATORZE"
"457","CINQUENTA E UM"
"458","DA COLINA"
"459","DOS COLONOS"
"460","CONCILIACAO"
"461","CONSTANCA"
"462","COQUEIRAL"
"463","DO CORTUME"
"464","CRUZ DAS ALMAS"
"465","DEZ"
"466","DEZENOVE"
"467","DEZESSEIS"
"468","DEZESSETE"
"469","DEZOITO"
"470","DOM PEDRO II"
"471","DOZE"
"472","EDUARDO PINTO VILAR"
"473","ERNANDES PRATES"
"474","FOMENTO"
"475","FRANCISCO BELISARIO"
"476","FRANCISCO PACHECO"
"477","DO GADO"
"478","IMPERIO"
"479","DO IMPERIO"
"480","IRMAOS UNIDOS"
"481","ISABEL"
"482","ISRAEL"
"483","DO ITA"
"484","DOS JESUITAS"
"485","JOAO TAVARES DO AMARAL"
"486","JORDAO"
"487","JOSE VIDAL DA COSTA"
"488","JULIO JOSE FERREIRA"
"489","K"
"490","MACAE"
"491","MACAPA"
"492","MAJURI"
"493","MANOEL LOURENCO DOS SANTOS"
"494","MARCOLINO"
"495","MARQUES DOS SANTOS"
"496","DO MATADOURO"
"497","MEDEIROS"
"498","MONTREAL"
"499","MORRO ALTO"
"500","OITO"
"501","DO OLIVEIRA"
"502","PASSO DA PATRIA"
"503","PAZ"
"504","PEDRO PEREIRA DA SILVA"
"505","DO PRADO"
"506","PRIMAVERA"
"507","QUARENTA E NOVE"
"508","QUARENTA E OITO"
"509","ROCHA LIMA"
"510","DO RUSSO"
"511","SALES"
"512","SAMBE"
"513","SANTA CRUZ"
"514","SANTANA"
"515","SAO DOMINGOS SAVIO"
"516","SAO TOME"
"517","SAPUCAI"
"518","SESSENTA"
"519","SIAO"
"520","TREZE"
"521","TRINTA E QUATRO"
"522","URUCANIA"
"523","DA VERDADE"
"524","VILA VERDE"
"525","VINTE"
"526","VINTE E CINCO"
"527","VINTE E QUATRO"
"528","VINTE E SEIS"
"529","VITOR DUMAS"
"530","VITOR VILON"
"531","W"
"532","TRINTA"
"533","TRINTA E UM"
"534","TRINTA E DOIS"
"535","SHALON"
"536","BEIJA-FLOR"
"537","CAMARAO"
"538","INDUSTRIAL"
"539","DO BRIZOLAO"
"540","FALET"
"541","OCIDENTAL"
"542","ALEXANDRE MOURA"
"543","ANES DIAS"
"544","DANIEL THOMPSON"
"545","HILDA CARLA"
"546","IRACEMA"
"547","IRACEMA BRAGA"
"548","JOAO PAULO II"
"549","PRIMEIRO DE MARCO"
"550","SANTO CRISTO"
"551","SARA"
"552","SAO CONRADO"
"553","ARGENTINA"
"554","DONA ALZIRA VARGAS"
"555","DONA CAMILA"
"556","DONA DARCI VARGAS"
"557","DOUTOR GERALDO MOREIRA"
"558","DO EXPEDICIONARIO"
"559","FIGUEIRA DE MELO"
"560","JOAO DE DEUS"
"561","PEDRO II"
"562","SAO CRISTOVAO"
"563","SINIMBU"
"564","MATO GROSSO"
"565","SAO FRANCISCO DA PRAINHA"
"566","CARVALHO"
"567","EUGENIO PAIVA"
"568","FRANCISCO DIAS"
"569","SANTA MARGARIDA"
"570","VALDEMAR FIDALGO"
"571","DO VIEGAS"
"572","VINTE E UM"
"573","TIQUIA"
"574","SAO LOURENCO"
"575","PAULINA"
"576","MANOEL RIBEIRO"
"577","DOS FERREIROS"
"578","ALEXANDRINO"
"579","LOPES"
"580","ELIAS SILVA"
"581","DUARTE NUNES"
"582","AFONSO"
"583","ANA CRISTINA"
"584","ANTONIO AARAO"
"585","ANTONIO PINTON"
"586","AREALVA"
"587","DA BARREIRA"
"588","BOM JARDIM"
"589","DOS CAJUEIROS"
"590","DO CARDO"
"591","DOS COQUEIROS"
"592","CRISTINA"
"593","DANIEL FERRAZ"
"594","ENGENHEIRO CORREIA NUNES"
"595","DA ESTIVA"
"596","DA FAXINA"
"597","DA FLORESTA"
"598","DA FONTE"
"599","DA GUARDA"
"600","HENRIQUE ALVES"
"601","DOS HENRIQUES"
"602","ISAAC MADEIRA"
"603","JARDIM PAULISTA"
"604","JOELI"
"605","MARIA FERNANDES"
"606","MIGUEL MACHADO"
"607","NICE"
"608","NOSSA SENHORA DA GLORIA"
"609","PEDRO LEITAO"
"610","PETRONILHO RAMOS"
"611","DO PIAI"
"612","PRIMEIRO DE JUNHO"
"613","SANTA URSULINA"
"614","SAO FRANCISCO XAVIER"
"615","SEBASTIAO FELICIO"
"616","DE SEPETIBA"
"617","DO TRIUNFO"
"618","VASCONCELOS"
"619","QUARENTA"
"620","CINQUENTA E OITO"
"621","ATI"
"622","COMANDANTE LUIZ SOUTO"
"623","DA COVANCA"
"624","LIVIO BARRETO"
"625","ALBERT SABIN"
"626","CLARIM"
"627","MERINGUAVA"
"628","DO RIO GRANDE"
"629","DA TAQUARA"
"630","DA SOCA"
"631","DO MESSIAS"
"632","ESTELA"
"633","JOSE HIGINO"
"634","OLIMPIA"
"635","JOSE BONIFACIO"
"636","MAJOR MASCARENHAS"
"637","ENGENHEIRO JOSE AUGUSTO"
"638","BERNARDINO DE ANDRADE"
"639","MOISES SANTANA"
"640","CABUNGUI"
"641","VAZ LOBO"
"642","VICENTE DE CARVALHO"
"643","VIEIRA"
"644","BOTAFOGO"
"645","NOSSA SENHORA DA PENA"
"646","DOS CAETES"
"647","CAPIVARI"
"648","PRINCIPAL"
"649","SARGENTO RUBENS"
"650"," 1 "
"651"," 5 "
"652"," 2 "
"653"," 3 "
"654"," 9 "
"655"," 11 "
"656"," 4 "
"657"," 7 "
"658"," 15 DE AGOSTO"
"659"," 15 "
"660"," 6 "
"661"," 2 IRMAOS"
"662"," 14 "
"663"," 51 "
"664"," 10 "
"665"," 19 "
"666"," 16 "
"667"," 17 "
"668"," 18 "
"669"," 12 "
"670"," 8 "
"671"," 49 "
"672"," 48 "
"673"," 60 "
"674"," 13 "
"675"," 34 "
"676"," 20 "
"677"," 25 "
"678"," 24 "
"679"," 26 "
"680","30"
"681","31"
"682","32"
"683"," 21 "
"684","2"
"685","3"
"686"," 30 "
"687"," 40 "
"688"," 58 "
"689","1"
"690","4"
"691","6"
"692","20"
"693","21"
"694","9"
"695","18"
"696","17"
"697","8"
"698","10"
"699","11"
"700","12"
"701","13"
"702","14"
"703","15"
"704","16"
"705","19"
