"","TIPOS"
"1","RUA"
"2","LARGO"
"3","TRAVESSA"
"4","BECO"
"5","AVENIDA"
"6","PRACA"
"7","ESTRADA"
"8","VILA"
"9","LADEIRA"
"10","CAMINHO"
"11","ESTRADA VELHA"
"12",NA
"13","LOTEAMENTO"
"14","ILHA"
"15","PRAIA"
"16","VIA"
"17","RUA PROJETADA"
"18","PARQUE"
"19","ALAMEDA"
"20","COMUNIDADE"
"21","ESCADA"
"22","ESCADARIA"
"23","CAMPO"
"24","JARDIM"
"25","CONJUNTO"
"26","PONTA"
"27","FAVELA"
"28","ACAMPAMENTO"
"29","CAMINHO DE SERVIDAO"
"30","RODOVIA"
"31","FAZENDA"
"32","MORRO"
"33","CHACARA"
"34","ACESSO"
"35","BLOCO"
"36","RETA"
"37","ZIGUE-ZAGUE"
"38","ADRO"
"39","VIELA"
"40","ENTRADA PARTICULAR"
"41","BOULEVARD"
"42","AREA"
